{"0":{"Facility ID":390025,"Facility Name":"KENSINGTON HOSPITAL","lat":39.9817971729,"lon":-75.1346714156,"avg_medicare_payment":null,"infection_ratio":null,"emergency_wait_time":null,"imaging_efficiency":null,"mortality_30":null,"revenue":10573700,"total_discharges":174,"revenue_per_discharge":60768,"avg_medicare_payment_zscore":null,"infection_ratio_zscore":null,"emergency_wait_time_zscore":null,"imaging_efficiency_zscore":null,"mortality_30_zscore":null,"revenue_zscore":-0.8494713704,"total_discharges_zscore":-1.1254499614,"revenue_per_discharge_zscore":-1.020300118},"1":{"Facility ID":390026,"Facility Name":"CHESTNUT HILL HOSPITAL","lat":40.0796742987,"lon":-75.2121506732,"avg_medicare_payment":21713.0,"infection_ratio":0.665,"emergency_wait_time":null,"imaging_efficiency":4.6,"mortality_30":11.0,"revenue":994810075,"total_discharges":6767,"revenue_per_discharge":147009,"avg_medicare_payment_zscore":0.4084471075,"infection_ratio_zscore":0.7714983522,"emergency_wait_time_zscore":null,"imaging_efficiency_zscore":1.6198240458,"mortality_30_zscore":0.5773502692,"revenue_zscore":-0.5838590937,"total_discharges_zscore":-0.556708031,"revenue_per_discharge_zscore":-0.3465656357},"2":{"Facility ID":390027,"Facility Name":"TEMPLE UNIVERSITY HOSPITAL","lat":40.0078058447,"lon":-75.1511772565,"avg_medicare_payment":22323.0,"infection_ratio":0.826,"emergency_wait_time":166.0,"imaging_efficiency":5.1,"mortality_30":10.0,"revenue":9271747070,"total_discharges":28750,"revenue_per_discharge":322495,"avg_medicare_payment_zscore":1.2002460553,"infection_ratio_zscore":1.3691902077,"emergency_wait_time_zscore":-1.1530667895,"imaging_efficiency_zscore":1.9485706233,"mortality_30_zscore":-0.2886751346,"revenue_zscore":1.6498076707,"total_discharges_zscore":1.3396447458,"revenue_per_discharge_zscore":1.0243712661},"3":{"Facility ID":390111,"Facility Name":"HOSPITAL OF UNIV OF PENNSYLVANIA","lat":39.9502710507,"lon":-75.1939043597,"avg_medicare_payment":22670.0,"infection_ratio":0.615,"emergency_wait_time":276.0,"imaging_efficiency":2.0,"mortality_30":9.0,"revenue":13262261573,"total_discharges":36309,"revenue_per_discharge":365260,"avg_medicare_payment_zscore":1.6506628338,"infection_ratio_zscore":0.5858797635,"emergency_wait_time_zscore":0.1901426325,"imaging_efficiency_zscore":-0.0896581575,"mortality_30_zscore":-1.1547005384,"revenue_zscore":2.7267132486,"total_discharges_zscore":1.9917181952,"revenue_per_discharge_zscore":1.3584612596},"4":{"Facility ID":390115,"Facility Name":"JEFFERSON HEALTH- NORTHEAST","lat":40.0711901881,"lon":-74.9833093977,"avg_medicare_payment":21830.0,"infection_ratio":0.454,"emergency_wait_time":429.0,"imaging_efficiency":1.0,"mortality_30":10.0,"revenue":2098153996,"total_discharges":24577,"revenue_per_discharge":85370,"avg_medicare_payment_zscore":0.5603167417,"infection_ratio_zscore":-0.011812092,"emergency_wait_time_zscore":2.0584248285,"imaging_efficiency_zscore":-0.7471513126,"mortality_30_zscore":-0.2886751346,"revenue_zscore":-0.2861036985,"total_discharges_zscore":0.9796629354,"revenue_per_discharge_zscore":-0.8281036484},"5":{"Facility ID":390142,"Facility Name":"ALBERT EINSTEIN MEDICAL CENTER","lat":40.0367825376,"lon":-75.1423426732,"avg_medicare_payment":21168.0,"infection_ratio":0.604,"emergency_wait_time":168.0,"imaging_efficiency":2.3,"mortality_30":11.0,"revenue":2949717829,"total_discharges":22718,"revenue_per_discharge":129840,"avg_medicare_payment_zscore":-0.2989798213,"infection_ratio_zscore":0.545043674,"emergency_wait_time_zscore":-1.1286448,"imaging_efficiency_zscore":0.107589789,"mortality_30_zscore":0.5773502692,"revenue_zscore":-0.0562952763,"total_discharges_zscore":0.8192972068,"revenue_per_discharge_zscore":-0.4806938036},"6":{"Facility ID":390174,"Facility Name":"THOMAS JEFFERSON UNIVERSITY HOSPITAL","lat":39.9481111796,"lon":-75.156618329,"avg_medicare_payment":20552.0,"infection_ratio":0.775,"emergency_wait_time":null,"imaging_efficiency":3.1,"mortality_30":9.0,"revenue":6050296835,"total_discharges":22718,"revenue_per_discharge":266321,"avg_medicare_payment_zscore":-1.0985669554,"infection_ratio_zscore":1.1798592473,"emergency_wait_time_zscore":null,"imaging_efficiency_zscore":0.6335843131,"mortality_30_zscore":-1.1547005384,"revenue_zscore":0.7804466586,"total_discharges_zscore":0.8192972068,"revenue_per_discharge_zscore":0.5855270875},"7":{"Facility ID":390204,"Facility Name":"NAZARETH HOSPITAL","lat":40.0594185583,"lon":-75.0411315443,"avg_medicare_payment":21411.0,"infection_ratio":0.492,"emergency_wait_time":275.0,"imaging_efficiency":0.7,"mortality_30":13.0,"revenue":686953995,"total_discharges":6458,"revenue_per_discharge":106372,"avg_medicare_payment_zscore":0.0164417268,"infection_ratio_zscore":0.1292580354,"emergency_wait_time_zscore":0.1779316377,"imaging_efficiency_zscore":-0.9443992592,"mortality_30_zscore":2.3094010768,"revenue_zscore":-0.6669390899,"total_discharges_zscore":-0.5833637653,"revenue_per_discharge_zscore":-0.664031205},"8":{"Facility ID":390223,"Facility Name":"PENN PRESBYTERIAN MEDICAL CENTER","lat":39.9584359074,"lon":-75.1990647578,"avg_medicare_payment":20301.0,"infection_ratio":0.332,"emergency_wait_time":271.0,"imaging_efficiency":1.0,"mortality_30":10.0,"revenue":4143789502,"total_discharges":16213,"revenue_per_discharge":255584,"avg_medicare_payment_zscore":-1.424372752,"infection_ratio_zscore":-0.4647214484,"emergency_wait_time_zscore":0.1290876587,"imaging_efficiency_zscore":-0.7471513126,"mortality_30_zscore":-0.2886751346,"revenue_zscore":0.265944486,"total_discharges_zscore":0.2581465534,"revenue_per_discharge_zscore":0.5016471796},"9":{"Facility ID":390226,"Facility Name":"PENNSYLVANIA HOSPITAL","lat":39.9459831888,"lon":-75.1556218038,"avg_medicare_payment":20617.0,"infection_ratio":0.266,"emergency_wait_time":238.0,"imaging_efficiency":2.2,"mortality_30":10.0,"revenue":3011575504,"total_discharges":21941,"revenue_per_discharge":137257,"avg_medicare_payment_zscore":-1.0141949364,"infection_ratio_zscore":-0.7097379854,"emergency_wait_time_zscore":-0.2738751679,"imaging_efficiency_zscore":0.0418404735,"mortality_30_zscore":-0.2886751346,"revenue_zscore":-0.0396019714,"total_discharges_zscore":0.7522696806,"revenue_per_discharge_zscore":-0.4227504976},"10":{"Facility ID":390304,"Facility Name":"ROXBOROUGH MEMORIAL HOSPITAL","lat":40.0291359917,"lon":-75.2093641443,"avg_medicare_payment":null,"infection_ratio":0.0,"emergency_wait_time":null,"imaging_efficiency":0.0,"mortality_30":null,"revenue":312053341,"total_discharges":2646,"revenue_per_discharge":117933,"avg_medicare_payment_zscore":null,"infection_ratio_zscore":-1.6972288771,"emergency_wait_time_zscore":null,"imaging_efficiency_zscore":-1.4046444677,"mortality_30_zscore":null,"revenue_zscore":-0.7681121605,"total_discharges_zscore":-0.9122040867,"revenue_per_discharge_zscore":-0.57371402},"11":{"Facility ID":390312,"Facility Name":"CANCER TREATMENT CENTERS OF AMERICA, PHILADELPHIA","lat":40.0194155904,"lon":-75.0986432001,"avg_medicare_payment":null,"infection_ratio":0.0,"emergency_wait_time":null,"imaging_efficiency":1.5,"mortality_30":null,"revenue":0,"total_discharges":375,"revenue_per_discharge":0,"avg_medicare_payment_zscore":null,"infection_ratio_zscore":-1.6972288771,"emergency_wait_time_zscore":null,"imaging_efficiency_zscore":-0.4184047351,"mortality_30_zscore":null,"revenue_zscore":-0.8523248562,"total_discharges_zscore":-1.1081107944,"revenue_per_discharge_zscore":-1.4950336788},"12":{"Facility ID":390331,"Facility Name":"WILLS EYE HOSPITAL","lat":39.9481210797,"lon":-75.155028789,"avg_medicare_payment":null,"infection_ratio":null,"emergency_wait_time":null,"imaging_efficiency":null,"mortality_30":null,"revenue":108903535,"total_discharges":321,"revenue_per_discharge":339263,"avg_medicare_payment_zscore":null,"infection_ratio_zscore":null,"emergency_wait_time_zscore":null,"imaging_efficiency_zscore":null,"mortality_30_zscore":null,"revenue_zscore":-0.8229354569,"total_discharges_zscore":-1.1127690781,"revenue_per_discharge_zscore":1.1553667299},"13":{"Facility ID":393303,"Facility Name":"CHILDREN'S HOSPITAL OF PHILADELPHIA","lat":39.9489073028,"lon":-75.1939025443,"avg_medicare_payment":null,"infection_ratio":null,"emergency_wait_time":null,"imaging_efficiency":null,"mortality_30":null,"revenue":6139571764,"total_discharges":17635,"revenue_per_discharge":348146,"avg_medicare_payment_zscore":null,"infection_ratio_zscore":null,"emergency_wait_time_zscore":null,"imaging_efficiency_zscore":null,"mortality_30_zscore":null,"revenue_zscore":0.8045389577,"total_discharges_zscore":0.3808146901,"revenue_per_discharge_zscore":1.2247627643},"14":{"Facility ID":393307,"Facility Name":"ST CHRISTOPHER'S HOSPITAL FOR CHILDREN","lat":40.0060057365,"lon":-75.1269207758,"avg_medicare_payment":null,"infection_ratio":null,"emergency_wait_time":null,"imaging_efficiency":null,"mortality_30":null,"revenue":1492745083,"total_discharges":3925,"revenue_per_discharge":380317,"avg_medicare_payment_zscore":null,"infection_ratio_zscore":null,"emergency_wait_time_zscore":null,"imaging_efficiency_zscore":null,"mortality_30_zscore":null,"revenue_zscore":-0.4494831913,"total_discharges_zscore":-0.8018717753,"revenue_per_discharge_zscore":1.4760899988},"15":{"Facility ID":393309,"Facility Name":"SHRINERS HOSPITALS FOR CHILDREN - PHILADELPHIA","lat":40.0073819087,"lon":-75.151375475,"avg_medicare_payment":null,"infection_ratio":null,"emergency_wait_time":null,"imaging_efficiency":null,"mortality_30":null,"revenue":0,"total_discharges":1,"revenue_per_discharge":0,"avg_medicare_payment_zscore":null,"infection_ratio_zscore":null,"emergency_wait_time_zscore":null,"imaging_efficiency_zscore":null,"mortality_30_zscore":null,"revenue_zscore":-0.8523248562,"total_discharges_zscore":-1.140373722,"revenue_per_discharge_zscore":-1.4950336788}}